bit_index,variance,variance_rank
49,0.24988385644575,1
1019,0.24981107927682444,2
126,0.2495419758314415,3
378,0.24426496481853363,4
935,0.24319152969184027,5
1887,0.23959430299292733,6
1365,0.2393990206651514,7
1700,0.23916225336243363,8
302,0.23849695627421402,9
926,0.23812618869959185,10
1932,0.23790287549515365,11
1152,0.23468920660680465,12
695,0.2318104740649443,13
388,0.22693515093779834,14
1148,0.2117621306563377,15
80,0.21156440011861555,16
1083,0.20774047876752016,17
1,0.20719496810227545,18
1656,0.20695342505611386,19
91,0.19216094821099883,20
1057,0.19167828680506616,21
656,0.18943684939624222,22
622,0.18558460351395573,23
1073,0.17197058757252892,24
2009,0.16625932192236603,25
1673,0.16562584252898627,26
1855,0.16312495518859588,27
350,0.1603394227207277,28
379,0.15913183491062008,29
1452,0.15756064577580892,30
1385,0.15680842288165503,31
1806,0.15611183092297198,32
1367,0.14871793865303087,33
1848,0.147753448033212,34
1114,0.14468477656868964,35
314,0.14079955008200323,36
1754,0.1349118001916339,37
1938,0.13458258938241108,38
1476,0.13456475245028995,39
1757,0.13334122425083678,40
1917,0.13330166522537346,41
1839,0.1307639370839432,42
1928,0.1267259622909335,43
881,0.1247834130458558,44
1222,0.1183446607139697,45
1722,0.11623973196188976,46
41,0.11610754900061683,47
823,0.11360648158381192,48
675,0.11322812607125321,49
191,0.11215126630952087,50
99,0.11048480507863458,51
486,0.11033769101956412,52
1683,0.10942501145744751,53
807,0.10539657528991675,54
1873,0.10500465486805066,55
1970,0.10458217473971626,56
363,0.10449913638759578,57
962,0.10277237142748312,58
909,0.09824702241038608,59
1090,0.09667357263976298,60
1536,0.09545340857140933,61
699,0.09488651978040055,62
403,0.09459142487030513,63
1354,0.09441057881943868,64
561,0.09088308056687837,65
761,0.08917541554401837,66
771,0.08889539340035343,67
322,0.08869017844425274,68
1164,0.08768702964361512,69
263,0.08727867062329496,70
114,0.0872618521709753,71
1060,0.08604989005718738,72
503,0.0845848275801731,73
1184,0.08152045117049622,74
1961,0.08126936702028056,75
315,0.08122877021455713,76
632,0.08080665505075418,77
454,0.08076663785369548,78
555,0.07970222769012973,79
528,0.07894053038335773,80
1991,0.07774096750699927,81
319,0.07678087014200591,82
1380,0.07663109611873875,83
1840,0.07658930211947926,84
1737,0.07495411517341066,85
2001,0.0743430675291457,86
1216,0.07423497275032653,87
1837,0.07417605680979486,88
932,0.07397398434843178,89
456,0.07319959670100055,90
1621,0.07227446760628811,91
1171,0.07207977305729506,92
478,0.07148330651669939,93
1869,0.07141610078538045,94
875,0.07050660418470522,95
1778,0.0704660412599957,96
694,0.07002609747129232,97
1160,0.06958036822794411,98
650,0.06944982260580135,99
1445,0.06850836885675324,100
1768,0.06771613044296024,101
1431,0.06699351571011726,102
1844,0.06609866670545055,103
1823,0.06553404990591916,104
1863,0.06549359226521742,105
802,0.06476791906121601,106
1345,0.06469879635169241,107
1262,0.0641939430461828,108
2004,0.06250279532458608,109
504,0.06212616739442252,110
972,0.061998978546338714,111
1504,0.061635248948514756,112
1478,0.06117724093316686,113
502,0.06097991838394014,114
689,0.059674600906689426,115
614,0.05960386061868186,116
1224,0.0588883094030488,117
147,0.058531719704038566,118
1865,0.058347892269397426,119
1162,0.05801989287899162,120
145,0.05779994255027069,121
1490,0.057736302669589276,122
1391,0.05720578666883265,123
1670,0.05694534311117162,124
242,0.056872061686320086,125
38,0.05681505540867932,126
1791,0.05661750432623771,127
1267,0.05471628670037285,128
1457,0.054539512115173175,129
1956,0.054240383152901174,130
207,0.05405519111062151,131
366,0.05364691302966988,132
1009,0.053522361831452966,133
1567,0.053090918128539624,134
762,0.051888606061662644,135
352,0.051476014140435504,136
798,0.05121310700661601,137
1749,0.05113530270544502,138
1349,0.05007137214677164,139
855,0.0498925080559369,140
1825,0.049566341568892135,141
1631,0.049372035814041274,142
1331,0.04936442762427382,143
1357,0.049163796042471036,144
819,0.049030216697963556,145
1739,0.04901637173946645,146
293,0.04850169359801997,147
116,0.04840048162694022,148
728,0.04817855827965645,149
625,0.04800093170361372,150
1236,0.04750163293275795,151
1897,0.046957885067373833,152
1946,0.046744915705837706,153
369,0.046687130260253076,154
43,0.04654855098106413,155
1007,0.04630540095384747,156
1852,0.046227339221826355,157
1883,0.04589122431463061,158
523,0.045644889768964775,159
1613,0.04539631127107577,160
407,0.045292226540761905,161
1562,0.04520209153792435,162
1326,0.04471264095573777,163
888,0.04458318856288417,164
1599,0.044570591016789035,165
573,0.04435777410968176,166
1107,0.04422050479145011,167
520,0.04420999759983347,168
974,0.04411542080430069,169
216,0.04380842204038025,170
231,0.04370253155062048,171
373,0.04345909079333138,172
998,0.04300058392032032,173
444,0.04284388702557224,174
838,0.04221721045193564,175
162,0.041946835769308834,176
102,0.0419221835017725,177
1295,0.04177494384844573,178
86,0.04149793591209166,179
1738,0.041466910839125896,180
715,0.0413011696617164,181
497,0.04122709381239069,182
1412,0.04114524235442634,183
28,0.041016082006637214,184
393,0.04087628977665957,185
218,0.04078236269329198,186
1905,0.040691240337694445,187
1989,0.04064602498431889,188
1195,0.040636133474829056,189
1185,0.04024452473826198,190
1993,0.04005495092677161,191
235,0.03991979195852727,192
1521,0.03991483766229518,193
933,0.039791669239589364,194
564,0.03933478174647021,195
1963,0.03911076127184331,196
1332,0.038980264129152675,197
1603,0.03875534557696772,198
202,0.03870992161793092,199
1564,0.038599180259697934,200
753,0.038488409888186706,201
803,0.0384301728030478,202
1604,0.038258966187357,203
1838,0.03815592469398364,204
636,0.03799882702948606,205
279,0.037971097867788815,206
674,0.03761899324891296,207
1488,0.03715191562627939,208
1384,0.037069981787581724,209
285,0.0370272274387982,210
923,0.0368775534193035,211
1441,0.036848325214386975,212
1522,0.03668218540841173,213
1220,0.036457472901051315,214
260,0.036382542444012664,215
790,0.036196943790223826,216
1341,0.036151959678732144,217
2021,0.0360948301781126,218
441,0.036002692786967425,219
1131,0.03598697745320148,220
1206,0.03594197125985825,221
1396,0.03590410524191818,222
1386,0.03568684678532365,223
918,0.03553241198086643,224
357,0.035456604184516544,225
392,0.035401527857363495,226
1097,0.03538149834950721,227
891,0.035348590700340264,228
92,0.035029398777196394,229
1542,0.03467557755604918,230
1325,0.03466626254240072,231
612,0.0346483484883222,232
134,0.0346483484883222,233
230,0.03456951779832247,234
848,0.034450527809863976,235
24,0.03434512973037221,236
138,0.03429779976371698,237
1122,0.0342676779901271,238
747,0.0341364085751534,239
248,0.03406178958524183,240
953,0.03393476415621212,241
1453,0.033857238766876116,242
1323,0.03366623730204622,243
84,0.033646126977617576,244
334,0.033543406101474466,245
833,0.03353909560173173,246
321,0.033310577698205834,247
414,0.03315097487137409,248
1766,0.03313227880477239,249
1027,0.03296685542504996,250
585,0.03257606219694069,251
1609,0.03254438031466783,252
1141,0.03243995777565955,253
1442,0.03234703665403698,254
1696,0.0323218220754055,255
1404,0.032224552163093854,256
234,0.03216401769628251,257
1459,0.03184463128307627,258
42,0.03156831404300416,259
996,0.03153295013299248,260
1269,0.031384246055429554,261
1446,0.03118059824673613,262
861,0.030699989543352537,263
800,0.030472148773688586,264
1584,0.0302514283222137,265
2023,0.02955815274837851,266
2044,0.029337698768174894,267
2022,0.029281117156657283,268
664,0.029150516524213594,269
26,0.029053266527533643,270
672,0.028969062676403694,271
1180,0.028747588077599265,272
1064,0.02870255344800059,273
588,0.02863499291085099,274
1136,0.028541989502678576,275
1999,0.02854053616944042,276
244,0.028490393252440346,277
645,0.028433703120103192,278
1208,0.028419166020382757,279
1369,0.028311576661072712,280
1377,0.028184325818804645,281
341,0.027843113518493185,282
229,0.02781036081067564,283
184,0.027796531164742042,284
361,0.02776595884126489,285
1731,0.02776595884126489,286
1103,0.02758029601753436,287
1265,0.027554078550638766,288
997,0.0275096509823987,289
1762,0.027417868517495968,290
896,0.027303478167271186,291
716,0.02724663636616224,292
1300,0.027035966981708928,293
769,0.02695137963932394,294
724,0.026785804547910668,295
1455,0.026785075006311294,296
448,0.026701169770437155,297
346,0.026648629770810006,298
1120,0.026550830539039012,299
1529,0.026472721751047652,300
978,0.02646688129325503,301
711,0.02637561423011728,302
1449,0.02628798032422603,303
1602,0.026111199726782667,304
119,0.025976741308318993,305
1303,0.025962854715958373,306
475,0.025955545810268595,307
374,0.025945313142014002,308
5,0.025894877291763548,309
804,0.02589195330029713,310
1210,0.025876602032147027,311
1752,0.02575084804780325,312
1748,0.02571209116509002,313
1979,0.025707703382443443,314
193,0.025592142993327432,315
1537,0.02540411093547271,316
354,0.02518598295679514,317
809,0.025175732729880048,318
1744,0.025154499373650396,319
646,0.024981666505058616,320
684,0.024872513253035966,321
1317,0.02482268955005162,322
1279,0.024814629315383294,323
1105,0.02471349775076052,324
1250,0.024643865000776678,325
1359,0.0246196742644436,326
1147,0.02459694845068455,327
1535,0.02442756840660263,328
1394,0.024402632639661685,329
1680,0.02437622856073391,330
3,0.024311678752067675,331
1005,0.024225108836862304,332
481,0.024142925426269557,333
1643,0.024110634994777676,334
1244,0.024090819269097025,335
1233,0.024079076206726453,336
1816,0.024021824407079912,337
602,0.024015217963452944,338
917,0.02395942636647706,339
1428,0.023823589091250052,340
964,0.023778056119016826,341
1238,0.023686241837983416,342
1432,0.0236443683419123,343
1934,0.023502557391736064,344
782,0.023394516149663785,345
1753,0.02332100398245844,346
1976,0.023301153653293213,347
867,0.02318423964143125,348
757,0.023092304948616874,349
175,0.02305037654477364,350
13,0.023021686457721843,351
897,0.022987108815180325,352
677,0.022934869509998554,353
137,0.022911323069684908,354
1872,0.02287820882251453,355
310,0.022876001120198403,356
1274,0.022815653102088402,357
1809,0.022806821012405554,358
469,0.022785476086911567,359
453,0.022763394074410664,360
1018,0.022747936027239155,361
745,0.02274499157769193,362
211,0.02271260137371366,363
871,0.02257344447444265,364
158,0.022489487976531303,365
71,0.022432771750603552,366
1614,0.022413619220823158,367
60,0.022226471343099463,368
1329,0.022189622149000818,369
1417,0.022173407559378296,370
1907,0.022125497446377998,371
592,0.02211812621268912,372
1082,0.02210928057489262,373
213,0.022054728681580326,374
1640,0.02203482298683977,375
750,0.022005331471163174,376
534,0.022003856845307115,377
856,0.021922007633439752,378
44,0.021812852501324243,379
1089,0.02180252566390376,380
539,0.021786297304419163,381
883,0.021772281438685818,382
1221,0.021729493502168584,383
980,0.02169998224372869,384
1316,0.021577490137038476,385
2002,0.021567157975271322,386
1783,0.021412147508317627,387
309,0.021381877425563866,388
1692,0.021313208589769574,389
419,0.021172146710552953,390
112,0.020945322607360567,391
1113,0.020915021632427915,392
1544,0.02091206533245393,393
331,0.02081449673216253,394
673,0.020786404950983012,395
746,0.020746482089997624,396
1156,0.020699901025010195,397
1070,0.020691027904714932,398
722,0.020649617740062808,399
1436,0.02063408796442792,400
1055,0.02057344285349621,401
186,0.02044029132727771,402
1693,0.020424754466422876,403
308,0.020415136146227933,404
304,0.020388499746479043,405
259,0.020365561608599883,406
647,0.020356682021834323,407
364,0.02032042192747159,408
816,0.020221987242197793,409
1498,0.020164989101293718,410
840,0.02012353146817159,411
201,0.020115387565198425,412
1058,0.020111685743431883,413
1977,0.02010058009930287,414
1695,0.020081329680705536,415
129,0.01998876833994691,416
1557,0.019825815136379186,417
1308,0.019824333478952003,418
252,0.019809516642397062,419
701,0.019796181081766628,420
1230,0.019664286407756845,421
79,0.01964427661285896,422
825,0.019627230546507408,423
1059,0.019619819016598764,424
362,0.01958794807948443,425
1527,0.01954643843801049,426
911,0.01947971868148634,427
108,0.01943819929261912,428
1859,0.019384811727579925,429
1348,0.019378137847394637,430
1921,0.019357374047038516,431
651,0.019347733393438694,432
1601,0.019337350925775407,433
1336,0.019229804481939415,434
705,0.01922016116258967,435
1512,0.019211259458206682,436
1409,0.019194197378280455,437
2033,0.01917639279639376,438
1718,0.019122974930504816,439
1175,0.019114813323423265,440
717,0.019060646275700494,441
1333,0.019048031119680436,442
967,0.019029478793748115,443
45,0.018899591648794466,444
294,0.018806050296817912,445
269,0.01878971573891129,446
777,0.018787488254489403,447
815,0.018783775756609014,448
1494,0.0187332828264056,449
1725,0.01869169627399291,450
1320,0.018621139107268068,451
2030,0.0184339248135057,452
408,0.018352180551831302,453
255,0.018343262123324915,454
1824,0.018329140927088122,455
1954,0.018328397694311594,456
1223,0.01824589144542774,457
930,0.018231023892861287,458
706,0.018221359727967085,459
1129,0.01818716183437783,460
931,0.0180986816661446,461
1539,0.018072654874284656,462
97,0.01806298740820014,463
1334,0.017970764528267066,464
692,0.01790232925556197,465
1742,0.017743847996514735,466
1616,0.017705149521860645,467
297,0.017693985901247395,468
64,0.01768654333848075,469
894,0.017677612105790916,470
512,0.01756000153085122,471
1797,0.017533200021514515,472
751,0.017502674198444337,473
1410,0.017372358518692003,474
2,0.01736640035778739,475
1154,0.01733437393568235,476
738,0.017289682220952923,477
1052,0.017251690888922554,478
879,0.017243496273514472,479
449,0.017216676523581248,480
1676,0.01705423503074015,481
1356,0.0169685205899741,482
1560,0.016965538934378757,483
1575,0.016928266629972547,484
1729,0.01690813834630561,485
283,0.016858186628907357,486
1788,0.01683656407676552,487
1099,0.016820905740691023,488
781,0.016751555361102323,489
690,0.016743351946096666,490
179,0.016706061877972276,491
440,0.016684432272799785,492
284,0.016678465308721004,493
994,0.016666531151661848,494
144,0.016650867107353615,495
1482,0.01664713749550178,496
1463,0.016629980897096282,497
1344,0.01649270540567451,498
1497,0.016486735990441065,499
910,0.016470319705124456,500
1048,0.016458380226103016,501
1940,0.01643002274023416,502
586,0.01640987295412285,503
1040,0.016326279376127132,504
1282,0.0163135897579386,505
69,0.016305378644924335,506
1606,0.016305378644924335,507
1065,0.016252376172259206,508
1770,0.016210567165638266,509
1078,0.016147099922069266,510
1870,0.016141126090942388,511
385,0.016131418452626476,512
982,0.016096319925411256,513
66,0.016087358177276422,514
125,0.01605748444360995,515
1126,0.016041799969833615,516
305,0.016032090270211078,517
281,0.0160164049452069,518
157,0.015990261568514675,519
1591,0.015962622696578017,520
882,0.01589538619468416,521
1268,0.015875960518527923,522
661,0.015862511501387126,523
245,0.015813942390208162,524
1050,0.015796007906661528,525
140,0.01576985222054714,526
752,0.015759389537178203,527
1866,0.015752663403048765,528
641,0.01574444244130457,529
1093,0.015736968714538373,530
1894,0.015624848506695224,531
1366,0.015594197648508577,532
1933,0.01548129549848181,533
1856,0.015453626586786291,534
243,0.015434182591348608,535
212,0.015414737789986527,536
1438,0.015410250413682939,537
460,0.015372853942078837,538
577,0.015355650564292533,539
169,0.015354154588593176,540
1849,0.015330218328848913,541
605,0.015319745831323735,542
1773,0.015319745831323735,543
1133,0.015311517276484164,544
117,0.015301044361690438,545
1988,0.015274112936387444,546
892,0.015259150365811661,547
719,0.01524942443921139,548
318,0.015233712901397037,549
1892,0.015197050601880993,550
1468,0.015102762973451906,551
617,0.015080310748373356,552
995,0.015069832676140376,553
1472,0.014943328940093157,554
1302,0.014911136164940029,555
540,0.014903649157112052,556
1828,0.014886428586669378,557
709,0.01487519744008312,558
1062,0.01487369993360429,559
386,0.014857227047597453,560
161,0.01483027017129743,561
657,0.014782343020626223,562
860,0.01477710069226089,563
1015,0.01474339861504318,564
94,0.014735159962304751,565
1793,0.014704450985762554,566
1678,0.014702952935642416,567
1096,0.01468272879227587,568
957,0.014678983485165657,569
1775,0.014644525261305961,570
742,0.014640030524385186,571
251,0.014628793494312405,572
2043,0.014622051147511585,573
1607,0.014615308704142899,574
1087,0.014582344257573411,575
1912,0.014579347375252655,576
1904,0.014508915149460816,577
725,0.014496176281661678,578
568,0.01449018140112485,579
1681,0.014462454086138977,580
257,0.014425731616498329,581
755,0.014422733737501843,582
566,0.01435002933186566,583
1061,0.014332788497670106,584
517,0.014326791537943714,585
490,0.014307300891882375,586
1598,0.014214334415553039,587
2003,0.01419483911992788,588
721,0.014143097697193059,589
1422,0.014137848250226301,590
1808,0.01412809912230257,591
81,0.014095100578931742,592
85,0.014094350585212544,593
1447,0.014059099535613304,594
1994,0.014038097658514498,595
489,0.014018595078572688,596
1992,0.014000591981770432,597
1549,0.0139465785711348,598
1694,0.013924071159310302,599
1362,0.013903063273544406,600
983,0.013894809919838935,601
2034,0.013885806096728123,602
1403,0.013873050386778194,603
551,0.013837782807383481,604
1653,0.013834030782249648,605
1570,0.013828777896990052,606
210,0.013803263051911516,607
391,0.013757482963706663,608
1910,0.013740220467312493,609
1626,0.013735717103662542,610
1736,0.013677920127159638,611
619,0.013647142229775288,612
1068,0.013637382965802435,613
1716,0.013625371287400254,614
46,0.013614860818437217,615
1142,0.013609605496329301,616
1381,0.013566809984599628,617
54,0.013491720780722421,618
396,0.01346393475366747,619
525,0.013462432759763457,620
1483,0.013461681761023156,621
1128,0.013451167653478379,622
6,0.01344816357983225,623
1891,0.013433893969518343,624
1758,0.0133790646212344,625
1318,0.013363290618318428,626
1982,0.013313711757788222,627
1125,0.01326412770405289,628
511,0.013254360535821541,629
1487,0.013228814681728917,630
420,0.013199510387296585,631
1948,0.013198758971287736,632
1619,0.013194250450198529,633
600,0.013167198422363238,634
188,0.013161186650795593,635
527,0.013128120543301485,636
1740,0.01312736901403403,637
582,0.013107828834619473,638
1020,0.013101064738589739,639
1256,0.013064236299428666,640
552,0.013034921822451567,641
358,0.01300710897575875,642
1294,0.012989067337649016,643
1533,0.012958244617277254,644
220,0.012914638321761934,645
1590,0.012901104518036596,646
215,0.012892833670049208,647
491,0.012886818417269677,648
1032,0.012859748835542672,649
316,0.012846965440420691,650
987,0.012825157677076794,651
835,0.012823653656439832,652
1328,0.012823653656439832,653
1276,0.012816133481723276,654
1732,0.012807109114693557,655
1414,0.012797332523346203,656
621,0.012788307798657729,657
735,0.012780034983547187,658
1004,0.012771009929812657,659
818,0.012771009929812657,660
854,0.012768753639554618,661
569,0.012768753639554618,662
1861,0.012768001540417547,663
556,0.01272212123861384,664
1212,0.012720616891315217,665
501,0.012713095083290346,666
1370,0.012710838517635064,667
1112,0.012649154901588189,668
1347,0.012627338045366535,669
292,0.01260326310940087,670
1232,0.01257241531357377,671
370,0.012542317971653467,672
1980,0.012528773545463095,673
1017,0.012528021066015547,674
961,0.012522001187516115,675
1854,0.012522001187516115,676
1747,0.012486632860418805,677
412,0.012455777488187072,678
544,0.012406103654950974,679
237,0.012388039155293601,680
624,0.012386533749325062,681
1127,0.012343627674544352,682
1397,0.012336099893618264,683
575,0.012334594323126698,684
1789,0.01229695351098291,685
2032,0.012276626233137675,686
62,0.012256298086181667,687
667,0.012232204342134253,688
33,0.012228439584348728,689
947,0.012210368332094056,690
1530,0.01220057945039967,691
718,0.0121508789429736,692
1642,0.012132051637068217,693
1469,0.012118495515436548,694
16,0.012114729857543156,695
1034,0.012090628941245503,696
1306,0.012065773592683498,697
1964,0.012050709113206359,698
1193,0.01204392994186009,699
570,0.012030371309463956,700
1137,0.012029618040782755,701
817,0.012019072154065374,702
759,0.012015305709322719,703
1241,0.012013799123080288,704
1081,0.011993459742062774,705
631,0.011967092584248312,706
75,0.011909833155740525,707
1969,0.011900791563865148,708
611,0.011889489332601269,709
272,0.011854827484074591,710
1687,0.01182845264851885,711
1841,0.011802829981247537,712
981,0.011802829981247537,713
1047,0.011799815459196969,714
109,0.01179152542520175,715
1149,0.011785496218961975,716
1514,0.011779466936421668,717
754,0.011772683902360841,718
1857,0.011767408142439453,719
1307,0.011722184946799594,720
1723,0.011710124703107222,721
1967,0.011707109594496296,722
1571,0.011640772379047093,723
1480,0.011620417064332028,724
941,0.011596291121459068,725
1730,0.011588751513950139,726
488,0.011552559738370657,727
404,0.011551805713837286,728
589,0.0115322006575089,729
687,0.01152088968148845,730
945,0.011517119296538508,731
1401,0.011515611134213162,732
1998,0.011453772372951396,733
1001,0.011434163287001031,734
307,0.011432654862392597,735
227,0.011430392216538476,736
365,0.01141530763663929,737
333,0.011409273671153679,738
929,0.011406256659798173,739
866,0.011388154191087333,740
1984,0.011375331193603568,741
483,0.011370805347524254,742
1398,0.011367033776339441,743
872,0.011342140659012873,744
1794,0.011323281372453782,745
783,0.011302158086898282,746
1655,0.011293859397561182,747
1534,0.01126443560933869,748
1875,0.0112606631976558,749
1952,0.011256890756168016,750
1578,0.011224446529026948,751
1724,0.011192754690726541,752
526,0.011188981712750623,753
2011,0.011167852485291,754
1818,0.011144458321769026,755
353,0.011126345924451138,756
587,0.011100685519412354,757
1086,0.011096157069577303,758
1798,0.011077288066622027,759
411,0.011011618127959479,760
1822,0.011000294812711973,761
409,0.01099878501707831,762
1387,0.01098746139782086,763
232,0.010985951561652538,764
360,0.010985196641780083,765
178,0.01096858810296052,766
1697,0.01096103857638211,767
811,0.010958773695160769,768
70,0.010941409249330587,769
775,0.01093838928132937,770
1842,0.010917248971217115,771
375,0.010910453673037565,772
1936,0.010908188552184856,773
417,0.010887801981671165,774
124,0.010880251179443193,775
194,0.010877985915526982,776
30,0.010859863417925844,777
51,0.010850046778335459,778
852,0.01084400566921231,779
1845,0.01081379897908854,780
135,0.010789632253579906,781
1199,0.010769995890188467,782
122,0.01076697483967342,783
199,0.010764709039269077,784
685,0.010711837317107334,785
1056,0.010695219283640011,786
1664,0.010693708524712102,787
727,0.010689176219315666,788
519,0.01064913899098228,789
1074,0.010637051622449902,790
1720,0.01061967549548477,791
240,0.01059701003425629,792
665,0.010594743429119747,793
1260,0.010589454642074291,794
623,0.010578876892730594,795
958,0.010565276585936288,796
1413,0.010560743064500085,797
209,0.010560743064500085,798
1784,0.010559987473421366,799
1750,0.010543364168063991,800
785,0.01053580792942294,801
1801,0.010498024947923904,802
1448,0.010494246485847071,803
1272,0.010482155206912301,804
1051,0.010478376619654905,805
1877,0.010451169911561104,806
1360,0.010435298618310504,807
1363,0.010432275455224408,808
949,0.010400531091159192,809
9,0.010389193308615033,810
1710,0.010377855257826805,811
121,0.010357446090432952,812
1271,0.010347619144309433,813
1273,0.010346107288561338,814
521,0.010322672914657697,815
1280,0.010319649041022873,816
1091,0.010299237395053841,817
205,0.010294701355700002,818
1834,0.010281092980124177,819
1925,0.010275800729749774,820
1117,0.010266728164626185,821
732,0.010250850762564045,822
50,0.010245558178374805,823
1181,0.010187335896731776,824
1261,0.010168431038486279,825
1095,0.01011700605433524,826
1821,0.010115493471347678,827
167,0.010091291494992116,828
965,0.010085240810151889,829
1291,0.010026242634334798,830
733,0.010011113728593866,831
110,0.010002036156247703,832
1275,0.009997497305696046,833
1025,0.009963454558513878,834
549,0.00995967188202471,835
1092,0.009947567116970474,836
348,0.009899145004732149,837
465,0.009890821962410395,838
1225,0.009875688788608318,839
313,0.009857528350566414,840
1031,0.009852231426784276,841
1033,0.00982650268031052,842
545,0.009816664854207666,843
778,0.009809853933493685,844
1660,0.009782609284959118,845
1628,0.009737198103877456,846
1959,0.009734170539204277,847
88,0.009731899853181337,848
149,0.009716761672156682,849
1691,0.009704650783984555,850
2041,0.0097023799584747,851
1496,0.009666045291069285,852
1023,0.009653933124863205,853
863,0.009641820653454985,854
1045,0.009636521351242124,855
2016,0.009627436697252604,856
286,0.009619866021119796,857
1774,0.009619866021119796,858
1110,0.00961683771728519,859
195,0.009606995598085075,860
256,0.009587310755241546,861
969,0.009572925168115242,862
1237,0.009560810655667726,863
1814,0.009556267634814982,864
87,0.00953582350985438,865
317,0.009529008608398452,866
172,0.009522950837146087,867
1140,0.009500990776743188,868
1820,0.009488117171737738,869
1450,0.009476757822370632,870
1339,0.009472971312971801,871
1102,0.009469942083993214,872
291,0.009463126249047936,873
1761,0.00945933963235148,874
2013,0.00945176630954388,875
152,0.009439648745074988,876
384,0.009422986595592391,877
1717,0.009403294220455476,878
550,0.009399507132841661,879
708,0.009362392096951153,880
638,0.009358604687444457,881
1258,0.009338152161079692,882
1075,0.00931921386174057,883
726,0.009277546980363628,884
130,0.009275274137658393,885
1804,0.009260879218022966,886
421,0.009224511188208852,887
989,0.009219964991346362,888
791,0.009194960141424626,889
246,0.009163891701142575,890
927,0.009162376116205859,891
1862,0.009151009077175512,892
463,0.009144188725000153,893
609,0.009141915252815507,894
1751,0.009139641769901098,895
938,0.009120695661679152,896
1627,0.00911766421521628,897
921,0.009106296121092606,898
381,0.009105538238613462,899
1158,0.009091138244992492,900
1636,0.009085832875694944,901
471,0.009083559128113058,902
813,0.009074464030487882,903
340,0.009057789238960483,904
1919,0.009053999433140126,905
1146,0.0090486936549194,906
1305,0.009041113870410289,907
1895,0.00903732393344839,908
1475,0.009031259972315164,909
1810,0.009015341711316814,910
387,0.008997906822210376,911
688,0.008995632659744334,912
729,0.008994116545472658,913
1471,0.008990326238930046,914
275,0.008989568174044935,915
1217,0.008987293972236427,916
1509,0.008976680888592093,917
1430,0.008972890444946957,918
904,0.008969858068571323,919
433,0.00896379325859465,920
1715,0.008950147157173313,921
1648,0.008950147157173313,922
936,0.008947872769382255,923
507,0.008947114637734177,924
1495,0.00891603021368235,925
844,0.00887963614631085,926
885,0.008878119667227246,927
93,0.00887736142589715,928
2028,0.008865987662882201,929
424,0.008854613631623187,930
1507,0.008841722738585701,931
39,0.008837931233886258,932
1168,0.00880835647432655,933
1622,0.008806839771110124,934
767,0.008795464344981966,935
572,0.008777263105229253,936
461,0.008763611724764687,937
1594,0.008763611724764687,938
1827,0.008756027457599175,939
976,0.008747684626018493,940
1550,0.008743133929808857,941
1960,0.008739341650182109,942
789,0.008730998530090031,943
1121,0.00872796463247249,944
1245,0.008726447676510544,945
262,0.00871810433347784,946
1330,0.00871279485825778,947
594,0.008709002340191863,948
1632,0.008705968304279605,949
115,0.008696866082092022,950
487,0.008682453879193343,951
898,0.008680178228866879,952
1705,0.00867790256781065,953
1390,0.008646042186398379,954
713,0.008644524972922129,955
2029,0.008624042124248088,956
1913,0.00861721431488768,957
660,0.008584591226179654,958
1743,0.008579280282174306,959
1134,0.008556518431911261,960
1709,0.008555759685090125,961
335,0.008544378339709563,962
1684,0.008542102038444164,963
668,0.00853375550867195,964
1435,0.008512509145585562,965
1965,0.008510232694103484,966
1785,0.00848822644326453,967
698,0.008479878982387357,968
1071,0.008473808011142527,969
1769,0.008470772496907412,970
323,0.008463942520134948,971
1850,0.008459389148637824,972
32,0.008452559010918917,973
758,0.008448764448237113,974
425,0.00844117523345882,975
567,0.008435862712178362,976
1608,0.008431309076013757,977
446,0.00840095040476289,978
1473,0.00838501133875474,979
1456,0.00837058982599866,980
652,0.008369071746988224,981
515,0.008349336285893247,982
1246,0.008342504592358755,983
1888,0.008331118221872684,984
764,0.008329600018873878,985
1582,0.008312899471147309,986
261,0.008309862945930113,987
1815,0.008309862945930113,988
776,0.008296957500950067,989
1884,0.008271904771250754,990
1983,0.008250646891552445,991
1399,0.008224832495344355,992
1440,0.008220276870597074,993
40,0.00820660973884092,994
1735,0.00818003365466453,995
400,0.008170921518176253,996
557,0.008159531106146244,997
1465,0.008158771735806676,998
2018,0.008139027688517183,999
1044,0.008131433609579818,1000
376,0.008131433609579818,1001
797,0.008110169554306998,1002
1878,0.008107891207233518,1003
1623,0.008106372303223551,1004
111,0.008104093938267134,1005
915,0.008101056101634498,1006
1415,0.008099537176165008,1007
1644,0.008088904564352632,1008
427,0.008078271718869868,1009
1094,0.008067638639716719,1010
67,0.008060043440115253,1011
763,0.0080524481212942,1012
224,0.008051688582855017,1013
399,0.008041814474655826,1014
37,0.008037257125993343,1015
1484,0.00802510398640025,1016
57,0.008022825238748964,1017
537,0.008020546480367916,1018
1926,0.008017508119169108,1019
143,0.008015988931416529,1020
1543,0.00800535448362254,1021
558,0.007964333710402722,1022
820,0.007959775632116379,1023
2026,0.007953698127638286,1024
1153,0.00794610113974304,1025
1021,0.007879242505516392,1026
1013,0.00787088452708742,1027
1995,0.007864805906714012,1028
1651,0.0078632862396987,1029
950,0.007859487051296996,1030
1902,0.007824533119555577,1031
514,0.007798695983403824,1032
693,0.007798695983403824,1033
1745,0.0077956562297202625,1034
100,0.00778045717517545,1035
1118,0.00777133751354696,1036
1460,0.007768297588187195,1037
1836,0.007766777618354138,1038
1505,0.007748537608392347,1039
367,0.007747777593074824,1040
524,0.007738657316273274,1041
730,0.007721936362922518,1042
55,0.00771053538207629,1043
1997,0.007706734995517755,1044
1966,0.007702174492305049,1045
1203,0.007697613946173294,1046
1973,0.007696093754591808,1047
485,0.00769077304650244,1048
187,0.007680891576493866,1049
277,0.0076740504407682335,1050
1486,0.007657327258011236,1051
1088,0.007641363681648583,1052
1630,0.007640603498231446,1053
1551,0.007638322940826857,1054
1629,0.007613996327548237,1055
992,0.007612475873683664,1056
177,0.0076079144834772456,1057
306,0.0075949903114847705,1058
470,0.007588147963295958,1059
2008,0.0075866274283620675,1060
880,0.0075790246821608636,1061
620,0.0075790246821608636,1062
431,0.007572942399361798,1063
937,0.007572942399361798,1064
1889,0.007570661523640918,1065
887,0.0075668600402622,1066
447,0.007566099740009869,1067
176,0.0075592569840900745,1068
1942,0.007544050514087069,1069
841,0.007531884994732259,1070
707,0.007517438044093301,1071
1503,0.007513636143446035,1072
35,0.007509073823326853,1073
1661,0.007503751062276229,1074
65,0.007496907426515896,1075
278,0.007496147016581547,1076
1425,0.0074931053649221905,1077
2010,0.007481699001311694,1078
1555,0.007471052819926141,1079
1987,0.007468771464942528,1080
1443,0.007425423681598977,1081
901,0.00741249464544743,1082
1429,0.007410213015066576,1083
940,0.0074056497221155785,1084
1150,0.007383593201146365,1085
1853,0.007382072024811107,1086
1637,0.00737902965783424,1087
1166,0.007361535677540441,1088
1209,0.007354690035314492,1089
828,0.007347844296520678,1090
1981,0.0073448017149485584,1091
1292,0.00733415252922946,1092
710,0.007318178312518835,1093
430,0.007308289248222691,1094
2038,0.007306007127849341,1095
443,0.007293835637977709,1096
966,0.007287749778591091,1097
1352,0.007285467561649878,1098
1556,0.007277860094353104,1099
975,0.007276338586587399,1100
1538,0.0072550369771452695,1101
223,0.007253515397847814,1102
1649,0.0072512330199601596,1103
607,0.007226886988195517,1104
772,0.00722612615503164,1105
642,0.007218517757822102,1106
270,0.007210909241392978,1107
1898,0.007210148383192989,1108
1101,0.007210148383192989,1109
637,0.007207865801439845,1110
889,0.007204061474674022,1111
1461,0.007188843869561767,1112
1309,0.007188082976788098,1113
971,0.007172864870953584,1114
1239,0.007167538421248997,1115
1337,0.007157646288240731,1116
499,0.007152319671628724,1117
1178,0.007150036818054926,1118
1502,0.007129490653051427,1119
1108,0.0071272076921800025,1120
1423,0.007121119744066254,1121
1944,0.0071104656512690325,1122
1563,0.007108943618937153,1123
4,0.007099811324801424,1124
1342,0.007087634665568581,1125
271,0.007073935559119702,1126
1755,0.00706860802451689,1127
477,0.007062519342010496,1128
1506,0.007049580638342792,1129
1589,0.0070488195273972825,1130
1727,0.007029030224353279,1131
741,0.00701685179113301,1132
563,0.007011523630627377,1133
1792,0.007009240115384882,1134
1011,0.007003911871425538,1135
654,0.006989449200492088,1136
8,0.006975747325764443,1137
183,0.006967373767720089,1138
163,0.006914845431344951,1139
1524,0.006910277481676961,1140
853,0.0068996187655442276,1141
1257,0.0068935279656980025,1142
1290,0.006885152991324976,1143
1084,0.0068805847626831566,1144
942,0.006879062010264983,1145
196,0.006878300632267602,1146
671,0.006858504385874963,1147
332,0.006855458737975113,1148
82,0.0068539359068720135,1149
1313,0.006853174489532169,1150
1255,0.006846321679824763,1151
979,0.006844037388462769,1152
405,0.0068379458923741665,1153
1286,0.0068219553521179505,1154
1508,0.0068021568119404924,1155
289,0.006800633813929973,1156
148,0.006799872313136421,1157
1686,0.006794541774200063,1158
1006,0.006793018752345627,1159
956,0.006773980576799077,1160
1624,0.006761795753409045,1161
1871,0.006753418510287316,1162
599,0.0067518953596757275,1163
14,0.006750372204295356,1164
214,0.006725239452026125,1165
1296,0.006719908095243414,1166
821,0.006709245206425203,1167
920,0.006703152022187276,1168
792,0.006682586962071732,1169
510,0.00667573174889749,1170
548,0.006667353023876316,1171
1526,0.006666591314448489,1172
1924,0.006652880340882108,1173
1157,0.006652118608802559,1174
325,0.006644501222436304,1175
225,0.006633836681234643,1176
1293,0.006627742552777601,1177
410,0.0066201247849086734,1178
1918,0.006616315856266865,1179
338,0.006610983306096108,1180
439,0.006601079843650669,1181
916,0.006594985305078254,1182
154,0.006594223482391821,1183
876,0.006592699833442368,1184
1242,0.006575939380258672,1185
1067,0.006557654591420712,1186
98,0.006549273833705613,1187
890,0.006546988147474473,1188
812,0.006543178646578656,1189
2035,0.006539369115877942,1190
1085,0.006537083383151164,1191
192,0.006534035722824718,1192
1657,0.006527178417346757,1193
1958,0.006525654558570833,1194
1235,0.0065119396149922685,1195
48,0.006507367881294645,1196
165,0.006502796104677972,1197
76,0.006500510200274991,1198
1915,0.006498224285142248,1199
337,0.006492128458998315,1200
1321,0.006484508569020771,1201
1035,0.006460886152449924,1202
900,0.006454027816914748,1203
472,0.0064425970430942005,1204
779,0.0064395487914386115,1205
206,0.006430403922021045,1206
1975,0.006411351559343866,1207
1553,0.006408303112168158,1208
2027,0.0064029682837111294,1209
1252,0.006382390541016122,1210
2042,0.006382390541016122,1211
571,0.006382390541016122,1212
127,0.006376293265162034,1213
1234,0.006360287553021415,1214
1635,0.006351141195743426,1215
241,0.006341994666789235,1216
153,0.006340470228606127,1217
1144,0.006329799027798442,1218
1531,0.006323701093852244,1219
1470,0.006319127593320369,1220
416,0.006306931382075568,1221
1833,0.006300833162002367,1222
878,0.006300070879128335,1223
59,0.006298546309803684,1224
395,0.006291685688829061,1225
1176,0.006279488790879449,1226
509,0.006266529252397051,1227
2040,0.006265766915874206,1228
249,0.006261955215377043,1229
666,0.006258905833519788,1230
1953,0.006252044654597506,1231
1777,0.006242133892336872,1232
697,0.0062352724773598114,1233
401,0.00623146053842348,1234
1547,0.0062306981470596256,1235
1375,0.006223836571136125,1236
95,0.006212400396668372,1237
1711,0.0062070634234510065,1238
984,0.006194101959572308,1239
1312,0.006194101959572308,1240
794,0.006193339509790858,1241
1151,0.00618037768110023,1242
258,0.0061765653129733904,1243
845,0.0061765653129733904,1244
1714,0.006169702975236742,1245
2017,0.006165890523656193,1246
1284,0.006161315542417072,1247
1795,0.006130052021935706,1248
390,0.0061239515891470045,1249
295,0.006112513072014404,1250
1577,0.006107937590053025,1251
1690,0.006100311691408393,1252
635,0.006093448280695478,1253
943,0.006086584773414699,1254
2019,0.006086584773414699,1255
267,0.006075908014589956,1256
1558,0.006068281615223065,1257
1682,0.006057604455820516,1258
756,0.006054553795929308,1259
793,0.006053791127976017,1260
1215,0.006050740444240892,1261
1520,0.006049977770326622,1262
394,0.006045401701804884,1263
843,0.006044639019545242,1264
1177,0.006033961342729694,1265
808,0.006010317083938658,1266
146,0.006010317083938658,1267
1949,0.006008791608545161,1268
1159,0.0060049778991979885,1269
1501,0.005995062115408428,1270
282,0.005982857797231839,1271
849,0.005982095017212138,1272
583,0.005976755523692744,1273
150,0.005972941563984443,1274
1971,0.0059584482452722486,1275
1545,0.005956922607740115,1276
1541,0.005945480174244144,1277
1937,0.005945480174244144,1278
1510,0.005943191655355662,1279
1338,0.005937851736222348,1280
1974,0.005919542998554132,1281
342,0.00591801723941802,1282
476,0.005912677044887466,1283
299,0.005910388372205718,1284
1772,0.005908099688794209,1285
164,0.005892841525179098,1286
1617,0.005888263983103289,1287
788,0.005883686398108428,1288
185,0.005877582884685648,1289
1324,0.005876056994407994,1290
1525,0.005865375628938482,1291
1247,0.005864612665320619,1292
96,0.005862323767313856,1293
168,0.00586003485857733,1294
714,0.00586003485857733,1295
118,0.00586003485857733,1296
204,0.005858508913458667,1297
90,0.005854694029798583,1298
1756,0.005847827164102091,1299
1000,0.005836382173346019,1300
1454,0.005832567116817536,1301
265,0.005827225987605433,1302
83,0.005822647830356565,1303
1174,0.005821884799975734,1304
63,0.005816543553928438,1305
543,0.0058157805140100416,1306
21,0.005809676151743814,1307
2046,0.005804334772170583,1308
1393,0.0058035717131770526,1309
159,0.005802808652991326,1310
128,0.005791362607141926,1311
955,0.005791362607141926,1312
529,0.0057867841136938275,1313
1600,0.005768469710710926,1314
170,0.005758549122372085,1315
413,0.005753207183659,1316
217,0.005738707341251107,1317
574,0.005737944179728734,1318
1908,0.005734128354233927,1319
171,0.005726496613829623,1320
239,0.005725733433232115,1321
480,0.005718101561686268,1322
780,0.005715811976974695,1323
1882,0.00571352238153336,1324
1024,0.005695205231731217,1325
1187,0.005692915539722018,1326
457,0.005692152306667892,1327
847,0.005679940415663258,1328
298,0.0056700180294930735,1329
1669,0.0056700180294930735,1330
339,0.005667728219456485,1331
1043,0.005661622006902296,1332
1400,0.005657042297414429,1333
1813,0.005653225840055821,1334
1145,0.005652462545007512,1335
1767,0.005650172652709408,1336
1285,0.005644829528953648,1337
1922,0.005639486346780289,1338
924,0.005620403076425672,1339
106,0.005615059627200442,1340
11,0.005614296272542341,1341
1249,0.005611242841987976,1342
1615,0.005592921858083975,1343
1782,0.005592158468852194,1344
1540,0.005575363604127452,1345
1781,0.005557041275426532,1346
1796,0.005554750936054985,1347
1163,0.005553987487213411,1348
1351,0.005548643311940909,1349
329,0.005545589471271171,1350
1289,0.005545589471271171,1351
1132,0.005541772143609592,1352
296,0.005534137398871743,1353
596,0.005528793006619596,1354
1161,0.005515050015441438,1355
1886,0.0055142865046056795,1356
1418,0.005512759479357575,1357
1667,0.005505887806727412,1358
748,0.005502833699005803,1359
1851,0.005490617077368031,1360
1231,0.005487562874270754,1361
2020,0.005473818724278229,1362
579,0.005469237255109285,1363
27,0.005444802028019845,1364
1677,0.005441747538795563,1365
1254,0.005439456659359295,1366
597,0.00543640213675353,1367
68,0.005433347595072632,1368
1566,0.005426474806547151,1369
151,0.005426474806547151,1370
1458,0.005423420202872068,1371
516,0.005419601921453808,1372
1026,0.005414256277396017,1373
141,0.005402037443042745,1374
1353,0.005385999759785988,1375
565,0.005385236047469131,1376
846,0.005357741610059838,1377
1675,0.005347048911576564,1378
1647,0.005346285138457719,1379
663,0.005334828398611534,1380
1719,0.0053317732226824425,1381
1374,0.0053203161430604405,1382
533,0.0053157332361033005,1383
368,0.005295109623672921,1384
1901,0.005285943294730034,1385
445,0.005284415556548811,1386
870,0.005279832313392441,1387
1927,0.005275249027317021,1388
1010,0.005272957368184667,1389
912,0.00527066569832255,1390
1611,0.005266846224708438,1391
1583,0.005253859791479834,1392
105,0.0052462205521636275,1393
1427,0.005236289362819279,1394
1874,0.0052347614696525956,1395
2005,0.005229413806015033,1396
1395,0.0052255940105080416,1397
1229,0.005224066083959874,1398
604,0.005216426379687285,1399
1663,0.005214134445157689,1400
655,0.0052095505439092105,1401
858,0.005208022567288817,1402
330,0.005190450493397987,1403
422,0.005189686475878991,1404
1214,0.0051675294492229415,1405
627,0.005159888862725423,1406
1104,0.005159124797518594,1407
1192,0.005159124797518594,1408
1251,0.005156068524769319,1409
1829,0.005154540381241507,1410
2036,0.0051522481570083194,1411
774,0.005149955922045368,1412
455,0.005146135506596535,1413
438,0.005143843243020884,1414
398,0.005137730487695865,1415
0,0.005130089436241965,1416
208,0.005117863505938987,1417
1218,0.005115571110029597,1418
613,0.005110986286021528,1419
1402,0.005108693857922851,1420
1207,0.005078127124652044,1421
603,0.005077362931880259,1422
542,0.005072777750213435,1423
1671,0.0050643714723539466,1424
873,0.005055200822893295,1425
7,0.005052143901589478,1426
1790,0.005049086961210526,1427
372,0.005046794243408256,1428
1170,0.0050452657589124305,1429
1182,0.005043737269647821,1430
1172,0.005039916025622871,1431
1592,0.005029980651671085,1432
963,0.005026159300348507,1433
17,0.00502310219783092,1434
944,0.0050200450762382,1435
773,0.005010873597009236,1436
837,0.005004759182147591,1437
434,0.004998644690985414,1438
290,0.004986415479759454,1439
700,0.004980300759695671,1440
795,0.004979536414322817,1441
1036,0.004973421608420935,1442
287,0.004970364176857292,1443
1593,0.004967306726218517,1444
601,0.004962720514494479,1445
1706,0.00495278357518954,1446
268,0.004952019186897635,1447
643,0.004942846434403502,1448
1532,0.004941317625630405,1449
2000,0.00493902440352929,1450
839,0.004937495582834233,1451
862,0.0049313802523661765,1452
1226,0.004927558132077276,1453
1049,0.004926793704442906,1454
991,0.004926793704442906,1455
1634,0.004918384921779936,1456
1205,0.004903860321040803,1457
640,0.004900037986156649,1458
1135,0.00489927351560323,1459
576,0.0048946866672466074,1460
73,0.004892393226973651,1461
1679,0.0048855128417762085,1462
1493,0.004880925864662432,1463
580,0.004877867856075998,1464
615,0.004857225799183606,1465
1587,0.004855696723358638,1466
830,0.00485493218365786,1467
1638,0.004852638557402352,1468
720,0.004843463945082691,1469
1881,0.004840405702825871,1470
1896,0.004827407960427424,1471
1704,0.004826643376615399,1472
1923,0.004825114205414763,1473
1812,0.004818232875998206,1474
1042,0.004813645269405021,1475
273,0.00480752839385114,1476
1467,0.004804469927461499,1477
1618,0.004801411441996725,1478
681,0.004799117565380088,1479
1674,0.004799117565380088,1480
1426,0.0047784721929910335,1481
1546,0.004774648880506281,1482
1903,0.004773884214432743,1483
1016,0.004770825538216632,1484
1659,0.004769296192955402,1485
1012,0.004767766842925388,1486
181,0.004766237488126591,1487
1800,0.004759355332518309,1488
1764,0.004752473080342164,1489
1685,0.004750943677855533,1490
53,0.004736414116389463,1491
644,0.00472494310595894,1492
1327,0.004723413617634208,1493
1858,0.004722648871683548,1494
1658,0.004705824159143477,1495
1408,0.004702000280365695,1496
221,0.004700470720509211,1497
2037,0.004699705938792676,1498
320,0.004697411586489894,1499
1860,0.004684410054100837,1500
1116,0.004675232294384129,1501
467,0.004675232294384129,1502
219,0.004675232294384129,1503
198,0.004672173002994959,1504
1951,0.004660700490397664,1505
919,0.0046530519996416525,1506
2015,0.004652287144008974,1507
869,0.0046484628479626445,1508
859,0.004646933121198741,1509
349,0.004641579039970913,1510
616,0.004634695135411317,1511
731,0.004634695135411317,1512
659,0.004624751547230116,1513
784,0.004619397223986531,1514
948,0.004612513008263817,1515
1939,0.004607923477466529,1516
827,0.004604098835683403,1517
696,0.004597979346836216,1518
1315,0.00459415462756036,1519
1511,0.004584975179694327,1520
908,0.004582680290903413,1521
829,0.004581150359081823,1522
1053,0.00457885545240797,1523
22,0.0045627908052576485,1524
1165,0.004561260811441875,1525
1645,0.004550550721205526,1526
649,0.004548255671468171,1527
740,0.004541370457877531,1528
280,0.0045306599336818925,1529
142,0.004525304583957677,1530
518,0.0045222443578869604,1531
1106,0.00451765398301501,1532
895,0.004516888916363666,1533
1955,0.004516888916363666,1534
977,0.004515358779484391,1535
451,0.004502352423470918,1536
1304,0.004501587332975657,1537
1713,0.004488580612150255,1538
1204,0.004480929438953579,1539
1588,0.004480164315076834,1540
1605,0.004464861587180808,1541
1298,0.004457975204046037,1542
639,0.004455679721541589,1543
1612,0.004454149393910978,1544
1885,0.004453384228307378,1545
247,0.004438845855321774,1546
1434,0.0044365502834026365,1547
301,0.004434254700753736,1548
1698,0.004426602681098005,1549
960,0.004425072262860509,1550
1776,0.004424307051953466,1551
703,0.004422011412079165,1552
538,0.00442124619640334,1553
1392,0.004419715761475102,1554
464,0.0044181853217780806,1555
765,0.004409767818202457,1556
1039,0.004405941632525704,1557
380,0.004403645906813302,1558
226,0.004402115417044054,1559
47,0.004394462896666066,1560
200,0.004394462896666066,1561
343,0.004386810257068492,1562
1022,0.004382983892562362,1563
166,0.004381453338414538,1564
506,0.00437533107413541,1565
355,0.00437533107413541,1566
1213,0.00437380049614367,1567
1194,0.004370739325853839,1568
89,0.0043692087335557486,1569
1819,0.0043638516229582616,1570
1079,0.004344718608231754,1571
1124,0.004342422596392348,1572
72,0.00433859588614942,1573
686,0.004333238441737095,1574
968,0.004329411659962416,1575
608,0.0043278809389071735,1576
1941,0.0043271155765912585,1577
634,0.004325584848382841,1578
1596,0.004324054115405639,1579
1080,0.004317165757994541,1580
402,0.00430338875346875,1581
2047,0.004299561739215879,1582
1914,0.004297265516357807,1583
1310,0.004295734695158113,1584
1565,0.004293438454417103,1585
768,0.004285784241121006,1586
1373,0.004282722522421084,1587
676,0.004281191655917948,1588
1138,0.0042750681422175675,1589
1382,0.0042750681422175675,1590
180,0.0042697100051394534,1591
1650,0.004264351809643742,1592
999,0.0042574626153111545,1593
857,0.004253635243399529,1594
1444,0.004246745898850266,1595
359,0.004237559955901236,1596
189,0.004229139357385184,1597
1986,0.004226077285795289,1598
2007,0.004226077285795289,1599
1765,0.004222249669483514,1600
1666,0.0042176564905669215,1601
1189,0.0042161254213904905,1602
1528,0.004214594347445276,1603
868,0.004214594347445276,1604
1003,0.004189330938856132,1605
679,0.004186268619289501,1606
1346,0.004179378330521124,1607
1947,0.004177847142125106,1608
1554,0.004165597463280774,1609
1201,0.004164831848219338,1610
1699,0.004161003755029224,1611
591,0.004138800226774,1612
101,0.00412501822217881,1613
103,0.004121189819017773,1614
1935,0.004110470131604822,1615
952,0.0041074073208535004,1616
1968,0.004081372659308742,1617
1909,0.004076778164207929,1618
712,0.004073715143630138,1619
356,0.004072183626188067,1620
136,0.0040568681894842685,1621
1264,0.004046912899900789,1622
233,0.004046147100048997,1623
560,0.004039254847734051,1624
1379,0.004035425776943338,1625
382,0.004018577511382032,1626
1847,0.004015514128376702,1627
1646,0.0040116848727956315,1628
1319,0.004007089726755884,1629
1523,0.004006323864909908,1630
786,0.004004792137641367,1631
1962,0.0039994310546473035,1632
1077,0.003997899305919238,1633
493,0.003997133429766911,1634
1115,0.003993304031122339,1635
1519,0.003990240490747156,1636
415,0.003989474602672871,1637
1259,0.0039841133527713886,1638
1481,0.003983347455159537,1639
670,0.003979517949217338,1640
1639,0.003966497406073237,1641
814,0.003951944626592967,1642
495,0.003950412730032616,1643
1950,0.003947348922605562,1644
1364,0.003944285096103374,1645
682,0.003934327528233625,1646
1831,0.003917475800535567,1647
1466,0.003910581745620495,1648
1263,0.003906751673385267,1649
628,0.00390215554736053,1650
1340,0.003889132957216153,1651
1595,0.003883770614071076,1652
1945,0.0038807063917598666,1653
893,0.0038715136103754347,1654
1830,0.0038699814634539542,1655
1780,0.003865384994076812,1656
799,0.0038584902095378792,1657
1123,0.003853127532577964,1658
1485,0.0038477647972004515,1659
1515,0.0038447003507564217,1660
1322,0.0038408697658769775,1661
1130,0.003838571400642961,1662
669,0.0038347407680756826,1663
590,0.0038332085067034004,1664
1826,0.003831676240562335,1665
1552,0.0038293778324092675,1666
1169,0.0038293778324092675,1667
1462,0.0038232486915444706,1668
1702,0.003821716394406313,1669
618,0.0038148209982709082,1670
429,0.003804860811146873,1671
1633,0.0037994975500109905,1672
1066,0.0037949004225417385,1673
347,0.003788004650864641,1674
1561,0.0037680829902372467,1675
1421,0.0037673167564261645,1676
1227,0.0037657842852274123,1677
2025,0.003764251809259877,1678
1880,0.003763485569487816,1679
1746,0.003760420598477611,1680
1002,0.003758888105819334,1681
1668,0.0037397315452247673,1682
993,0.0037274709554040056,1683
1978,0.003721340546042823,1684
1929,0.00371674268894971,1685
986,0.003712911108586731,1686
1119,0.003712144788937547,1687
10,0.0037075468460063335,1688
1406,0.003705247858446082,1689
450,0.0037044815268749403,1690
1846,0.0037037151941116024,1691
630,0.0036983508313867533,1692
203,0.003696818145592748,1693
131,0.003694519107960271,1694
1419,0.003692986410244308,1695
254,0.0036860892115087762,1696
535,0.003684556487564504,1697
1805,0.003683023758851448,1698
1378,0.0036768927963113903,1699
1832,0.0036684625982343452,1700
19,0.0036562002344261565,1701
1811,0.0036332074796706667,1702
345,0.003621710699926822,1703
546,0.0036063812429998144,1704
1867,0.003603315294389012,1705
1167,0.003601015820412854,1706
1843,0.003599482831801102,1707
1437,0.003598716335706933,1708
532,0.0035948838373531474,1709
1701,0.0035841526834005013,1710
1920,0.003582619642332132,1711
1451,0.0035741878312141005,1712
20,0.0035718882213276147,1713
274,0.003569588600711367,1714
1803,0.003569588600711367,1715
1868,0.00356575587584037,1716
1200,0.003552724388338357,1717
1376,0.003549658105912716,1718
850,0.0035458252260562586,1719
133,0.003543525483836034,1720
1278,0.0035297268051896697,1721
626,0.0035036615805120715,1722
1492,0.003500594992884293,1723
826,0.0034990616919172283,1724
1734,0.0034959950756767496,1725
1708,0.0034959950756767496,1726
1190,0.0034936951009783336,1727
723,0.0034875617826592743,1728
426,0.0034722281530467883,1729
1407,0.0034469266216109132,1730
327,0.003436958995184767,1731
1491,0.003436192246345077,1732
174,0.0034323584842636894,1733
1183,0.0034223905633651683,1734
836,0.0034139560113888743,1735
749,0.003400920510955626,1736
1358,0.0033917187737959606,1737
1266,0.003384817358263704,1738
1179,0.0033840505283546964,1739
1597,0.0033817500314744973,1740
678,0.0033756153206706842,1741
770,0.0033748484764553263,1742
236,0.0033748484764553263,1743
238,0.003362578806870962,1744
1610,0.0033587444725355665,1745
874,0.003354143231990628,1746
606,0.0033495419485266398,1747
913,0.0033464744023733966,1748
1054,0.0033457075128545963,1749
2045,0.00334340683714502,1750
1931,0.00333880545353658,1751
1098,0.00333880545353658,1752
1046,0.0033296025575625474,1753
865,0.0033219333464426437,1754
787,0.003321166418773576,1755
1763,0.003320399489912312,1756
1728,0.0033180986961753468,1757
1721,0.003313497076512128,1758
1297,0.0033096623606740597,1759
1641,0.003291255309767176,1760
1477,0.0032866534397428286,1761
1517,0.003272847572155482,1762
702,0.0032697795491238987,1763
77,0.003269012540385513,1764
954,0.003267478519332155,1765
743,0.003262876427559379,1766
1196,0.0032613423874308873,1767
31,0.0032590413182966797,1768
1760,0.0032575072662462293,1769
139,0.0032521380465154828,1770
988,0.003251371010356593,1771
922,0.0032413994318011997,1772
1248,0.0032398653249097404,1773
389,0.0032352629756226604,1774
12,0.003231427651764708,1775
1741,0.0032291264431435866,1776
197,0.0032122505854015023,1777
18,0.003210716387903158,1778
1568,0.0032084150827141724,1779
1314,0.0032045795502219465,1780
1041,0.0032015111027686397,1781
536,0.0031969083958228047,1782
250,0.0031938399006816646,1783
1008,0.0031854014406873707,1784
1665,0.003183867159735317,1785
704,0.0031585508355333213,1786
766,0.003149344577566989,1787
553,0.003147042986250999,1788
1109,0.003120957534778591,1789
496,0.0031117505758010977,1790
1489,0.003107914292225485,1791
824,0.0031017761765103208,1792
468,0.0030994743634459028,1793
513,0.00309640526266927,1794
1191,0.0030910342904106225,1795
934,0.003090267003890604,1796
832,0.003089499716178389,1797
2024,0.0030887324272739786,1798
1972,0.0030864305534075726,1799
1283,0.0030848959648689884,1800
1569,0.0030825940731196446,1801
113,0.0030779902574316676,1802
1996,0.0030733863988246404,1803
156,0.0030703171359093722,1804
734,0.003068015176204864,1805
120,0.003065713205770594,1806
834,0.0030588072300892066,1807
903,0.003039623457624338,1808
593,0.0030380887236378606,1809
1585,0.0030235085129232528,1810
530,0.003019671543835026,1811
1355,0.0030150671415866905,1812
653,0.0030089278718259424,1813
1703,0.0030020211021421187,1814
842,0.0029966491034028432,1815
1228,0.0029697882334425154,1816
939,0.0029690207585555523,1817
2012,0.002967485805205038,1818
190,0.0029659508470857407,1819
1014,0.0029521360094168104,1820
562,0.0029521360094168104,1821
406,0.002949065993033764,1822
1864,0.0029444609326933187,1823
1579,0.0029444609326933187,1824
531,0.0029406233496242287,1825
1420,0.0029337156249915276,1826
970,0.0029268078037909626,1827
1900,0.0029206674372100317,1828
739,0.002896105207880963,1829
629,0.0028884292608544995,1830
2031,0.002884591242633924,1831
1899,0.0028830560270003223,1832
851,0.0028830560270003223,1833
584,0.002882288417395228,1834
554,0.00287998558142677,1835
610,0.002878450351486818,1836
107,0.002876915116778083,1837
1513,0.0028600272202422942,1838
796,0.002856188981465486,1839
505,0.0028531183689845144,1840
1069,0.0028492800765588925,1841
1188,0.002847744751243273,1842
418,0.002843138746683714,1843
1072,0.0028416034022929605,1844
1288,0.0028408357283092904,1845
326,0.002840068053133424,1846
2014,0.002839300376765362,1847
328,0.002835461977042114,1848
1890,0.0028323912358039897,1849
1906,0.0028231788976388165,1850
1620,0.0028201080801001583,1851
303,0.002818572664177654,1852
324,0.0028162695313524284,1853
1439,0.002805521436296737,1854
1383,0.002798611823225808,1855
864,0.00279784408247917,1856
266,0.0027863278282160976,1857
1688,0.0027832567817758355,1858
737,0.0027801857162604404,1859
691,0.0027786501763495675,1860
1879,0.0027755790822214716,1861
1799,0.002768669050689799,1862
914,0.002762526719370105,1863
1733,0.002753313079327062,1864
886,0.0027433314422152734,1865
1253,0.0027417957878535988,1866
1516,0.002740260128723141,1867
1559,0.0027341174445134754,1868
595,0.002731046073795942,1869
1287,0.002728742533239736,1870
264,0.0027126174489129364,1871
371,0.0027026349903782063,1872
1029,0.00268958070213054,1873
23,0.002680365702984227,1874
1173,0.002658095412953537,1875
760,0.0026542556064391844,1876
494,0.0026534876415597263,1877
442,0.002639664069863991,1878
1911,0.0026388960823328115,1879
435,0.0026381280936094366,1880
658,0.002637360103693865,1881
928,0.0026342881321096234,1882
1100,0.002632752139164327,1883
1388,0.0026227680687808063,1884
990,0.002622000055021318,1885
1411,0.0026173919474282775,1886
1186,0.0026143198518556667,1887
15,0.0026112477372079224,1888
1301,0.00260663952947043,1889
132,0.0026043354095070404,1890
1028,0.0025882062693299555,1891
1654,0.002585902063528464,1892
36,0.002584365920366491,1893
1030,0.002578989381745414,1894
810,0.0025743808735745675,1895
899,0.0025659318304577035,1896
155,0.0025620913086258404,1897
1500,0.002549801438474975,1898
479,0.0025482651832465916,1899
1335,0.0025482651832465916,1900
581,0.0025482651832465916,1901
160,0.0025305979053638745,1902
905,0.0025252207825668307,1903
1372,0.0025252207825668307,1904
56,0.002518307253132531,1905
1350,0.0025167709001440875,1906
1957,0.0025098572526823983,1907
383,0.0025067844894801107,1908
377,0.0024960296680554277,1909
1198,0.00249372503306343,1910
1211,0.002492956819015039,1911
1817,0.002492956819015039,1912
1076,0.0024883475096885805,1913
462,0.0024822016971570017,1914
1416,0.002481433465225673,1915
312,0.0024806652321021482,1916
907,0.0024668368320132157,1917
466,0.0024491666475570137,1918
1580,0.0024491666475570137,1919
1876,0.0024483983643612635,1920
522,0.002447630079973317,1921
973,0.0024453252196563035,1922
1361,0.0024338007571247954,1923
1202,0.002398457399377393,1924
459,0.0023953839447015115,1925
801,0.002390773726921814,1926
1786,0.002383089935246651,1927
300,0.002379247994701725,1928
1835,0.002377711210138384,1929
662,0.0023769428160684194,1930
1802,0.002375406024351903,1931
736,0.0023631115189435684,1932
806,0.0023631115189435684,1933
74,0.002353122008570379,1934
985,0.0023492798355472617,1935
1576,0.0023408269499831697,1936
1787,0.002339290046200243,1937
1299,0.0023377531376485333,1938
1916,0.0023377531376485333,1939
648,0.00233621622432804,1940
1311,0.0023354477658794996,1941
173,0.0023269946442606286,1942
473,0.0023262261715057382,1943
1985,0.002322383789848347,1944
1424,0.0023116249626456043,1945
906,0.0023108564660467967,1946
437,0.002287801013711496,1947
1712,0.0022731986722653035,1948
1111,0.002265513056530488,1949
344,0.0022647444883999294,1950
1063,0.002260901629864198,1951
52,0.0022547529942128436,1952
228,0.002240918285023467,1953
1139,0.0022316949309686292,1954
559,0.002230157688602081,1955
1433,0.002228620441466749,1956
1990,0.0022240086714480542,1957
598,0.0022232400389389194,1958
1807,0.002217090935946791,1959
123,0.0022163222927078937,1960
680,0.0022109417566541284,1961
822,0.002208635794748149,1962
1270,0.0021971058242718088,1963
541,0.002189419028263101,1964
1389,0.0021748137873965983,1965
276,0.002171738945004746,1966
336,0.0021586706520324173,1967
1662,0.0021586706520324173,1968
1930,0.0021563644469184836,1969
831,0.0021409894719538803,1970
633,0.0021371456537004887,1971
452,0.0021248452350007326,1972
500,0.002117926115360087,1973
1943,0.002104087586375203,1974
508,0.002087173304160837,1975
1479,0.002077947088835957,1976
29,0.002074871645577396,1977
1243,0.002064876323249432,1978
458,0.002064107443955756,1979
1155,0.0020371959175937144,1980
1474,0.002034889147378948,1981
1689,0.002021817246821973,1982
58,0.0020179725046167965,1983
432,0.0020002863065859224,1984
1518,0.0019972103816802375,1985
547,0.0019764473896329033,1986
1586,0.0019618358742396367,1987
1581,0.001957221622069179,1988
474,0.001930304295674322,1989
578,0.0019187678515745104,1990
423,0.0019141531988262472,1991
1405,0.0019018472483377418,1992
683,0.0018780036007515857,1993
902,0.001877234431754318,1994
946,0.0018764652615648543,1995
436,0.001871081036857126,1996
805,0.0018695426762108693,1997
222,0.0018672351263000154,1998
925,0.0018487743407417303,1999
884,0.0018364667688668674,2000
1464,0.0018280051361618155,2001
1368,0.0018149277836932137,2002
482,0.0018133892489863627,2003
1707,0.001797234346649131,2004
104,0.001787233429346038,2005
1726,0.0017849254967403161,2006
1572,0.0017787709573351069,2007
484,0.0017733856727652666,2008
1759,0.001764922964699557,2009
25,0.001728762496183125,2010
498,0.0016987550017187496,2011
1625,0.0016910604802809262,2012
397,0.0016910604802809262,2013
1548,0.0016864437101928316,2014
351,0.0016625897143466874,2015
1779,0.0016341173162963286,2016
1038,0.0016318086719496834,2017
951,0.0016241131133014697,2018
1771,0.00157024086461559,2019
492,0.0015586960513009035,2020
744,0.0015479206501914382,2021
1143,0.0015371450154115865,2022
1277,0.0015325268146884703,2023
1573,0.0015163627741700398,2024
1499,0.0015040469618374543,2025
182,0.0015001982078932388,2026
1343,0.0014955796638177177,2027
1281,0.0014678674980645263,2028
288,0.0013423736341647207,2029
1371,0.0013346735928601067,2030
311,0.0013346735928601067,2031
61,0.0013339035821725682,2032
1219,0.0013308235275004553,2033
78,0.001300791994791134,2034
1037,0.0012715287571995215,2035
2039,0.0012538159612792087,2036
877,0.001241493644326059,2037
1893,0.0011975929098169966,2038
253,0.001192201324492083,2039
1240,0.0011367416276879727,2040
428,0.0010674083155750801,2041
2006,0.0010396722868297327,2042
1197,0.0010119347129985625,2043
1574,0.0010096231787691742,2044
959,0.001000376934553995,2045
34,0.0007907493516373786,2046
1672,0.0006095662634272258,2047
1652,6.870984494711241e-05,2048
